{"Customer_ID":1,"Name":"Customer_1","Age":69,"Gender":"Female","Location":"City_B"}
{"Customer_ID":2,"Name":"Customer_2","Age":21,"Gender":"Male","Location":"City_B"}
{"Customer_ID":3,"Name":"Customer_3","Age":39,"Gender":"Female","Location":"City_C"}
{"Customer_ID":4,"Name":"Customer_4","Age":43,"Gender":"Male","Location":"City_A"}
{"Customer_ID":5,"Name":"Customer_5","Age":66,"Gender":"Female","Location":"City_B"}
{"Customer_ID":6,"Name":"Customer_6","Age":60,"Gender":"Male","Location":"City_C"}
{"Customer_ID":7,"Name":"Customer_7","Age":53,"Gender":"Male","Location":"City_A"}
{"Customer_ID":8,"Name":"Customer_8","Age":30,"Gender":"Female","Location":"City_A"}
{"Customer_ID":9,"Name":"Customer_9","Age":69,"Gender":"Female","Location":"City_B"}
{"Customer_ID":10,"Name":"Customer_10","Age":49,"Gender":"Male","Location":"City_B"}
{"Customer_ID":11,"Name":"Customer_11","Age":34,"Gender":"Male","Location":"City_A"}
{"Customer_ID":12,"Name":"Customer_12","Age":58,"Gender":"Female","Location":"City_A"}
{"Customer_ID":13,"Name":"Customer_13","Age":53,"Gender":"Male","Location":"City_B"}
{"Customer_ID":14,"Name":"Customer_14","Age":63,"Gender":"Female","Location":"City_A"}
{"Customer_ID":15,"Name":"Customer_15","Age":36,"Gender":"Male","Location":"City_B"}
{"Customer_ID":16,"Name":"Customer_16","Age":52,"Gender":"Female","Location":"City_A"}
{"Customer_ID":17,"Name":"Customer_17","Age":63,"Gender":"Male","Location":"City_B"}
{"Customer_ID":18,"Name":"Customer_18","Age":57,"Gender":"Female","Location":"City_C"}
{"Customer_ID":19,"Name":"Customer_19","Age":45,"Gender":"Female","Location":"City_B"}
{"Customer_ID":20,"Name":"Customer_20","Age":18,"Gender":"Male","Location":"City_B"}
{"Customer_ID":21,"Name":"Customer_21","Age":59,"Gender":"Female","Location":"City_C"}
{"Customer_ID":22,"Name":"Customer_22","Age":35,"Gender":"Male","Location":"City_A"}
{"Customer_ID":23,"Name":"Customer_23","Age":65,"Gender":"Female","Location":"City_C"}
{"Customer_ID":24,"Name":"Customer_24","Age":57,"Gender":"Female","Location":"City_B"}
{"Customer_ID":25,"Name":"Customer_25","Age":50,"Gender":"Female","Location":"City_A"}
{"Customer_ID":26,"Name":"Customer_26","Age":29,"Gender":"Male","Location":"City_C"}
{"Customer_ID":27,"Name":"Customer_27","Age":25,"Gender":"Female","Location":"City_A"}
{"Customer_ID":28,"Name":"Customer_28","Age":41,"Gender":"Male","Location":"City_A"}
{"Customer_ID":29,"Name":"Customer_29","Age":33,"Gender":"Female","Location":"City_C"}
{"Customer_ID":30,"Name":"Customer_30","Age":67,"Gender":"Male","Location":"City_A"}
{"Customer_ID":31,"Name":"Customer_31","Age":21,"Gender":"Male","Location":"City_C"}
{"Customer_ID":32,"Name":"Customer_32","Age":55,"Gender":"Male","Location":"City_B"}
{"Customer_ID":33,"Name":"Customer_33","Age":61,"Gender":"Female","Location":"City_A"}
{"Customer_ID":34,"Name":"Customer_34","Age":44,"Gender":"Male","Location":"City_B"}
{"Customer_ID":35,"Name":"Customer_35","Age":26,"Gender":"Female","Location":"City_B"}
{"Customer_ID":36,"Name":"Customer_36","Age":64,"Gender":"Male","Location":"City_A"}
{"Customer_ID":37,"Name":"Customer_37","Age":33,"Gender":"Male","Location":"City_C"}
{"Customer_ID":38,"Name":"Customer_38","Age":29,"Gender":"Male","Location":"City_A"}
{"Customer_ID":39,"Name":"Customer_39","Age":48,"Gender":"Male","Location":"City_B"}
{"Customer_ID":40,"Name":"Customer_40","Age":41,"Gender":"Female","Location":"City_B"}
{"Customer_ID":41,"Name":"Customer_41","Age":31,"Gender":"Male","Location":"City_C"}
{"Customer_ID":42,"Name":"Customer_42","Age":62,"Gender":"Male","Location":"City_A"}
{"Customer_ID":43,"Name":"Customer_43","Age":42,"Gender":"Female","Location":"City_B"}
{"Customer_ID":44,"Name":"Customer_44","Age":51,"Gender":"Male","Location":"City_B"}
{"Customer_ID":45,"Name":"Customer_45","Age":20,"Gender":"Male","Location":"City_B"}
{"Customer_ID":46,"Name":"Customer_46","Age":41,"Gender":"Male","Location":"City_C"}
{"Customer_ID":47,"Name":"Customer_47","Age":59,"Gender":"Male","Location":"City_B"}
{"Customer_ID":48,"Name":"Customer_48","Age":26,"Gender":"Female","Location":"City_B"}
{"Customer_ID":49,"Name":"Customer_49","Age":43,"Gender":"Female","Location":"City_A"}
{"Customer_ID":50,"Name":"Customer_50","Age":37,"Gender":"Male","Location":"City_A"}
{"Customer_ID":51,"Name":"Customer_51","Age":57,"Gender":"Female","Location":"City_B"}
{"Customer_ID":52,"Name":"Customer_52","Age":27,"Gender":"Female","Location":"City_B"}
{"Customer_ID":53,"Name":"Customer_53","Age":36,"Gender":"Male","Location":"City_A"}
{"Customer_ID":54,"Name":"Customer_54","Age":20,"Gender":"Female","Location":"City_C"}
{"Customer_ID":55,"Name":"Customer_55","Age":41,"Gender":"Male","Location":"City_C"}
{"Customer_ID":56,"Name":"Customer_56","Age":22,"Gender":"Female","Location":"City_C"}
{"Customer_ID":57,"Name":"Customer_57","Age":20,"Gender":"Female","Location":"City_C"}
{"Customer_ID":58,"Name":"Customer_58","Age":44,"Gender":"Female","Location":"City_C"}
{"Customer_ID":59,"Name":"Customer_59","Age":33,"Gender":"Male","Location":"City_C"}
{"Customer_ID":60,"Name":"Customer_60","Age":66,"Gender":"Female","Location":"City_C"}
{"Customer_ID":61,"Name":"Customer_61","Age":32,"Gender":"Male","Location":"City_C"}
{"Customer_ID":62,"Name":"Customer_62","Age":52,"Gender":"Male","Location":"City_A"}
{"Customer_ID":63,"Name":"Customer_63","Age":29,"Gender":"Female","Location":"City_C"}
{"Customer_ID":64,"Name":"Customer_64","Age":58,"Gender":"Male","Location":"City_C"}
{"Customer_ID":65,"Name":"Customer_65","Age":61,"Gender":"Female","Location":"City_C"}
{"Customer_ID":66,"Name":"Customer_66","Age":43,"Gender":"Male","Location":"City_B"}
{"Customer_ID":67,"Name":"Customer_67","Age":64,"Gender":"Male","Location":"City_A"}
{"Customer_ID":68,"Name":"Customer_68","Age":51,"Gender":"Female","Location":"City_A"}
{"Customer_ID":69,"Name":"Customer_69","Age":40,"Gender":"Female","Location":"City_A"}
{"Customer_ID":70,"Name":"Customer_70","Age":48,"Gender":"Female","Location":"City_C"}
{"Customer_ID":71,"Name":"Customer_71","Age":67,"Gender":"Female","Location":"City_C"}
{"Customer_ID":72,"Name":"Customer_72","Age":37,"Gender":"Male","Location":"City_B"}
{"Customer_ID":73,"Name":"Customer_73","Age":29,"Gender":"Male","Location":"City_A"}
{"Customer_ID":74,"Name":"Customer_74","Age":40,"Gender":"Male","Location":"City_C"}
{"Customer_ID":75,"Name":"Customer_75","Age":21,"Gender":"Female","Location":"City_A"}
{"Customer_ID":76,"Name":"Customer_76","Age":40,"Gender":"Male","Location":"City_B"}
{"Customer_ID":77,"Name":"Customer_77","Age":65,"Gender":"Female","Location":"City_B"}
{"Customer_ID":78,"Name":"Customer_78","Age":65,"Gender":"Male","Location":"City_B"}
{"Customer_ID":79,"Name":"Customer_79","Age":18,"Gender":"Female","Location":"City_A"}
{"Customer_ID":80,"Name":"Customer_80","Age":42,"Gender":"Male","Location":"City_C"}
{"Customer_ID":81,"Name":"Customer_81","Age":19,"Gender":"Male","Location":"City_C"}
{"Customer_ID":82,"Name":"Customer_82","Age":47,"Gender":"Female","Location":"City_B"}
{"Customer_ID":83,"Name":"Customer_83","Age":20,"Gender":"Male","Location":"City_C"}
{"Customer_ID":84,"Name":"Customer_84","Age":38,"Gender":"Female","Location":"City_B"}
{"Customer_ID":85,"Name":"Customer_85","Age":42,"Gender":"Male","Location":"City_A"}
{"Customer_ID":86,"Name":"Customer_86","Age":37,"Gender":"Male","Location":"City_B"}
{"Customer_ID":87,"Name":"Customer_87","Age":66,"Gender":"Female","Location":"City_A"}
{"Customer_ID":88,"Name":"Customer_88","Age":69,"Gender":"Female","Location":"City_B"}
{"Customer_ID":89,"Name":"Customer_89","Age":39,"Gender":"Male","Location":"City_C"}
{"Customer_ID":90,"Name":"Customer_90","Age":38,"Gender":"Male","Location":"City_C"}
{"Customer_ID":91,"Name":"Customer_91","Age":50,"Gender":"Male","Location":"City_B"}
{"Customer_ID":92,"Name":"Customer_92","Age":69,"Gender":"Male","Location":"City_C"}
{"Customer_ID":93,"Name":"Customer_93","Age":55,"Gender":"Male","Location":"City_C"}
{"Customer_ID":94,"Name":"Customer_94","Age":32,"Gender":"Male","Location":"City_C"}
{"Customer_ID":95,"Name":"Customer_95","Age":63,"Gender":"Female","Location":"City_A"}
{"Customer_ID":96,"Name":"Customer_96","Age":69,"Gender":"Female","Location":"City_C"}
{"Customer_ID":97,"Name":"Customer_97","Age":32,"Gender":"Female","Location":"City_A"}
{"Customer_ID":98,"Name":"Customer_98","Age":63,"Gender":"Male","Location":"City_B"}
{"Customer_ID":99,"Name":"Customer_99","Age":42,"Gender":"Male","Location":"City_C"}
{"Customer_ID":100,"Name":"Customer_100","Age":38,"Gender":"Male","Location":"City_C"}
