Machine_ID,Usage_Hours,Failures
Machine_1,910,0
Machine_2,3822,1
Machine_3,3142,1
Machine_4,516,0
Machine_5,4476,1
Machine_6,3494,0
Machine_7,3221,1
Machine_8,2969,0
Machine_9,180,1
Machine_10,1735,0
Machine_11,819,1
Machine_12,2441,0
Machine_13,2483,1
Machine_14,1234,0
Machine_15,4605,1
Machine_16,3435,1
Machine_17,4167,0
Machine_18,4893,1
Machine_19,2954,0
Machine_20,524,0
Machine_21,1132,1
Machine_22,2608,1
Machine_23,2097,1
Machine_24,2797,1
Machine_25,1025,0
Machine_26,1856,0
Machine_27,239,0
Machine_28,2784,0
Machine_29,3055,1
Machine_30,4708,0
Machine_31,1949,0
Machine_32,1317,0
Machine_33,1578,0
Machine_34,3252,1
Machine_35,3606,0
Machine_36,3940,1
Machine_37,696,0
Machine_38,2938,0
Machine_39,2485,1
Machine_40,650,0
Machine_41,2413,0
Machine_42,2111,1
Machine_43,291,0
Machine_44,2091,0
Machine_45,2874,1
Machine_46,2662,0
Machine_47,1413,1
Machine_48,1528,0
Machine_49,2606,1
Machine_50,825,0
Machine_51,4064,0
Machine_52,84,0
Machine_53,3202,1
Machine_54,2005,1
Machine_55,1635,0
Machine_56,3993,0
Machine_57,3123,1
Machine_58,1071,0
Machine_59,3511,1
Machine_60,2663,0
Machine_61,3893,0
Machine_62,1550,1
Machine_63,4848,1
Machine_64,211,1
Machine_65,4347,1
Machine_66,2031,0
Machine_67,1045,1
Machine_68,4961,1
Machine_69,3392,1
Machine_70,4601,1
Machine_71,3848,1
Machine_72,1325,0
Machine_73,1066,1
Machine_74,387,0
Machine_75,928,1
Machine_76,1126,1
Machine_77,4937,1
Machine_78,4043,1
Machine_79,4909,1
Machine_80,429,0
Machine_81,542,0
Machine_82,2112,1
Machine_83,3934,1
Machine_84,114,0
Machine_85,2618,1
Machine_86,2077,0
Machine_87,2745,0
Machine_88,1545,1
Machine_89,441,0
Machine_90,4564,0
Machine_91,4524,1
Machine_92,3611,0
Machine_93,2328,1
Machine_94,3149,1
Machine_95,250,0
Machine_96,4925,1
Machine_97,3154,0
Machine_98,4648,0
Machine_99,2504,1
Machine_100,3695,1
Machine_101,854,1
Machine_102,2781,0
Machine_103,2823,0
Machine_104,1620,0
Machine_105,2740,1
Machine_106,3890,1
Machine_107,1078,1
Machine_108,552,0
Machine_109,4543,1
Machine_110,920,0
Machine_111,4538,1
Machine_112,256,1
Machine_113,1534,1
Machine_114,913,0
Machine_115,2840,1
Machine_116,613,0
Machine_117,4241,0
Machine_118,1807,1
Machine_119,1728,1
Machine_120,3292,0
Machine_121,4686,0
Machine_122,1109,0
Machine_123,1772,1
Machine_124,3364,1
Machine_125,3207,1
Machine_126,2675,0
Machine_127,2779,1
Machine_128,1647,0
Machine_129,3110,0
Machine_130,2743,1
Machine_131,4941,1
Machine_132,3677,1
Machine_133,1413,0
Machine_134,2031,0
Machine_135,1713,0
Machine_136,1579,1
Machine_137,2088,0
Machine_138,3352,0
Machine_139,2287,0
Machine_140,1356,1
Machine_141,4079,0
Machine_142,2725,0
Machine_143,1332,0
Machine_144,759,0
Machine_145,4794,1
Machine_146,4463,1
Machine_147,3798,1
Machine_148,4829,1
Machine_149,713,1
Machine_150,2048,0
Machine_151,3495,0
Machine_152,3793,1
Machine_153,1545,0
Machine_154,3354,0
Machine_155,3813,1
Machine_156,1903,1
Machine_157,4709,1
Machine_158,1341,0
Machine_159,3631,0
Machine_160,3507,0
Machine_161,1686,1
Machine_162,3746,1
Machine_163,3049,0
Machine_164,3202,1
Machine_165,748,0
Machine_166,2210,1
Machine_167,4147,1
Machine_168,4787,0
Machine_169,904,0
Machine_170,3524,1
Machine_171,1757,1
Machine_172,2827,0
Machine_173,1783,1
Machine_174,4981,0
Machine_175,3560,0
Machine_176,252,1
Machine_177,3305,0
Machine_178,4268,1
Machine_179,4546,1
Machine_180,816,0
Machine_181,4439,0
Machine_182,2377,1
Machine_183,2981,1
Machine_184,247,1
Machine_185,1980,1
Machine_186,3632,1
Machine_187,658,0
Machine_188,3322,0
Machine_189,1197,0
Machine_190,4332,0
Machine_191,3447,1
Machine_192,2561,0
Machine_193,1844,1
Machine_194,709,1
Machine_195,2861,1
Machine_196,1419,1
Machine_197,2036,1
Machine_198,196,0
Machine_199,3269,0
Machine_200,2961,1
Machine_201,1784,1
Machine_202,1893,0
Machine_203,538,0
Machine_204,3026,1
Machine_205,2009,1
Machine_206,2435,0
Machine_207,2969,0
Machine_208,4786,1
Machine_209,1852,0
Machine_210,4111,1
Machine_211,3419,0
Machine_212,312,0
Machine_213,673,1
Machine_214,1066,1
Machine_215,3693,0
Machine_216,2099,0
Machine_217,3773,1
Machine_218,4598,0
Machine_219,3158,1
Machine_220,4140,0
Machine_221,2106,1
Machine_222,3220,0
Machine_223,1732,1
Machine_224,2305,1
Machine_225,1204,0
Machine_226,4549,0
Machine_227,3241,1
Machine_228,1746,0
Machine_229,4041,0
Machine_230,4773,0
Machine_231,4732,0
Machine_232,1698,1
Machine_233,1495,0
Machine_234,4249,1
Machine_235,3973,0
Machine_236,303,0
Machine_237,3233,1
Machine_238,2607,1
Machine_239,148,0
Machine_240,2250,0
Machine_241,3011,1
Machine_242,4483,1
Machine_243,3827,1
Machine_244,2919,0
Machine_245,3284,1
Machine_246,3841,1
Machine_247,1006,1
Machine_248,4117,1
Machine_249,210,1
Machine_250,4543,0
Machine_251,1350,0
Machine_252,4961,1
Machine_253,4037,0
Machine_254,1577,1
Machine_255,1268,0
Machine_256,4546,0
Machine_257,4785,1
Machine_258,3154,0
Machine_259,2785,1
Machine_260,4605,0
Machine_261,1004,1
Machine_262,4615,0
Machine_263,3496,1
Machine_264,1095,0
Machine_265,1743,0
Machine_266,3486,1
Machine_267,612,0
Machine_268,2535,0
Machine_269,3404,1
Machine_270,275,0
Machine_271,4943,0
Machine_272,1009,1
Machine_273,4598,0
Machine_274,3117,0
Machine_275,865,0
Machine_276,4804,1
Machine_277,4692,0
Machine_278,3170,0
Machine_279,66,0
Machine_280,1293,1
Machine_281,2255,0
Machine_282,2574,1
Machine_283,1119,0
Machine_284,3494,0
Machine_285,2615,0
Machine_286,1110,0
Machine_287,2377,1
Machine_288,3470,1
Machine_289,351,0
Machine_290,4326,0
Machine_291,656,1
Machine_292,3220,0
Machine_293,749,1
Machine_294,1189,1
Machine_295,240,0
Machine_296,2350,0
Machine_297,1030,0
Machine_298,3025,1
Machine_299,1234,0
Machine_300,3377,0
Machine_301,3444,1
Machine_302,177,0
Machine_303,2115,0
Machine_304,1866,1
Machine_305,619,0
Machine_306,1945,1
Machine_307,2783,1
Machine_308,3913,1
Machine_309,4771,1
Machine_310,4064,0
Machine_311,2951,1
Machine_312,1736,1
Machine_313,3059,0
Machine_314,204,0
Machine_315,2587,0
Machine_316,1459,1
Machine_317,4107,0
Machine_318,834,1
Machine_319,3225,0
Machine_320,4391,0
Machine_321,2856,0
Machine_322,587,1
Machine_323,1891,1
Machine_324,2505,0
Machine_325,574,1
Machine_326,3000,1
Machine_327,4181,0
Machine_328,4830,0
Machine_329,4165,1
Machine_330,2418,1
Machine_331,3897,1
Machine_332,4545,1
Machine_333,2751,0
Machine_334,1021,0
Machine_335,1216,1
Machine_336,4979,0
Machine_337,2824,1
Machine_338,2032,0
Machine_339,903,0
Machine_340,4196,0
Machine_341,3786,0
Machine_342,3819,0
Machine_343,624,0
Machine_344,3311,0
Machine_345,1198,0
Machine_346,1765,1
Machine_347,4827,1
Machine_348,4983,0
Machine_349,3904,1
Machine_350,2541,0
Machine_351,2710,1
Machine_352,3174,0
Machine_353,3101,0
Machine_354,54,0
Machine_355,4919,0
Machine_356,926,1
Machine_357,1041,0
Machine_358,4192,1
Machine_359,4414,0
Machine_360,4515,1
Machine_361,685,0
Machine_362,1743,0
Machine_363,1732,1
Machine_364,4802,1
Machine_365,169,1
Machine_366,880,1
Machine_367,3725,0
Machine_368,1419,1
Machine_369,790,0
Machine_370,166,1
Machine_371,2888,1
Machine_372,1200,0
Machine_373,1981,0
Machine_374,1062,0
Machine_375,1714,1
Machine_376,1131,1
Machine_377,4779,1
Machine_378,562,0
Machine_379,2899,0
Machine_380,609,0
Machine_381,3722,1
Machine_382,4633,1
Machine_383,3393,0
Machine_384,4120,0
Machine_385,4849,1
Machine_386,1520,0
Machine_387,630,1
Machine_388,2344,1
Machine_389,3197,1
Machine_390,4299,0
Machine_391,1729,0
Machine_392,3556,1
Machine_393,2794,0
Machine_394,3406,1
Machine_395,4095,0
Machine_396,1293,0
Machine_397,3168,1
Machine_398,2191,1
Machine_399,3109,1
Machine_400,4598,0
Machine_401,3009,1
Machine_402,2315,0
Machine_403,2529,1
Machine_404,4696,0
Machine_405,1685,0
Machine_406,1807,1
Machine_407,4502,1
Machine_408,2120,1
Machine_409,2899,1
Machine_410,3301,0
Machine_411,3780,0
Machine_412,2539,0
Machine_413,1681,1
Machine_414,2866,0
Machine_415,1065,1
Machine_416,1398,0
Machine_417,4661,1
Machine_418,3137,0
Machine_419,2889,0
Machine_420,385,1
Machine_421,4642,1
Machine_422,945,0
Machine_423,3596,1
Machine_424,901,1
Machine_425,1737,0
Machine_426,1981,0
Machine_427,3796,1
Machine_428,2477,0
Machine_429,1618,1
Machine_430,4050,1
Machine_431,2788,0
Machine_432,3548,1
Machine_433,3963,1
Machine_434,1116,0
Machine_435,4430,1
Machine_436,2494,0
Machine_437,4157,1
Machine_438,3423,0
Machine_439,4019,1
Machine_440,2596,0
Machine_441,803,1
Machine_442,2132,1
Machine_443,2824,1
Machine_444,2946,1
Machine_445,4235,1
Machine_446,825,0
Machine_447,1675,1
Machine_448,3119,1
Machine_449,467,0
Machine_450,164,1
Machine_451,666,1
Machine_452,4024,1
Machine_453,3317,1
Machine_454,875,0
Machine_455,1566,0
Machine_456,3196,1
Machine_457,462,0
Machine_458,778,0
Machine_459,3398,1
Machine_460,2858,1
Machine_461,725,0
Machine_462,3515,0
Machine_463,2554,0
Machine_464,3017,0
Machine_465,2836,1
Machine_466,1172,0
Machine_467,4129,1
Machine_468,1621,1
Machine_469,2193,1
Machine_470,1737,0
Machine_471,4182,0
Machine_472,3901,1
Machine_473,3490,1
Machine_474,3816,0
Machine_475,2376,1
Machine_476,2964,0
Machine_477,4002,0
Machine_478,645,0
Machine_479,778,1
Machine_480,1415,0
Machine_481,4542,0
Machine_482,748,0
Machine_483,445,1
Machine_484,4221,1
Machine_485,4410,0
Machine_486,2552,0
Machine_487,1869,1
Machine_488,767,0
Machine_489,2832,1
Machine_490,4996,1
Machine_491,3627,1
Machine_492,193,1
Machine_493,3190,1
Machine_494,4541,0
Machine_495,2988,1
Machine_496,3686,1
Machine_497,3272,0
Machine_498,1217,1
Machine_499,2666,1
Machine_500,1112,0
Machine_501,2206,1
Machine_502,3032,1
Machine_503,3344,0
Machine_504,4779,0
Machine_505,1206,1
Machine_506,782,0
Machine_507,4380,0
Machine_508,4896,1
Machine_509,1003,0
Machine_510,2589,1
Machine_511,3374,1
Machine_512,3351,0
Machine_513,1592,1
Machine_514,1241,1
Machine_515,3043,1
Machine_516,2731,1
Machine_517,1267,0
Machine_518,1590,1
Machine_519,3286,1
Machine_520,2436,1
Machine_521,3769,0
Machine_522,1438,0
Machine_523,1906,1
Machine_524,1415,0
Machine_525,549,1
Machine_526,1730,1
Machine_527,560,0
Machine_528,4362,1
Machine_529,1374,1
Machine_530,1205,1
Machine_531,1877,0
Machine_532,3191,0
Machine_533,3536,0
Machine_534,1860,1
Machine_535,2973,1
Machine_536,2264,1
Machine_537,4236,0
Machine_538,763,0
Machine_539,3652,1
Machine_540,4184,0
Machine_541,3572,1
Machine_542,4318,0
Machine_543,4798,1
Machine_544,4899,1
Machine_545,1293,1
Machine_546,3759,1
Machine_547,1131,0
Machine_548,505,0
Machine_549,4974,1
Machine_550,944,0
Machine_551,1434,0
Machine_552,2008,1
Machine_553,3122,1
Machine_554,2046,1
Machine_555,4335,1
Machine_556,554,1
Machine_557,1264,0
Machine_558,1581,1
Machine_559,3490,1
Machine_560,873,0
Machine_561,978,0
Machine_562,183,0
Machine_563,2155,1
Machine_564,3677,1
Machine_565,4830,0
Machine_566,1902,0
Machine_567,4960,1
Machine_568,4225,0
Machine_569,2983,0
Machine_570,3334,1
Machine_571,4348,1
Machine_572,2861,1
Machine_573,1300,1
Machine_574,3562,0
Machine_575,1306,0
Machine_576,3426,0
Machine_577,3536,0
Machine_578,3634,0
Machine_579,1446,1
Machine_580,3687,1
Machine_581,3380,1
Machine_582,2753,1
Machine_583,520,0
Machine_584,1403,0
Machine_585,2833,0
Machine_586,2881,1
Machine_587,407,0
Machine_588,3069,1
Machine_589,717,1
Machine_590,4518,1
Machine_591,1195,0
Machine_592,4235,1
Machine_593,3769,1
Machine_594,2795,0
Machine_595,589,1
Machine_596,2829,1
Machine_597,4186,0
Machine_598,4885,0
Machine_599,3825,0
Machine_600,2558,1
Machine_601,2829,1
Machine_602,974,0
Machine_603,3006,0
Machine_604,1631,0
Machine_605,3374,1
Machine_606,4535,1
Machine_607,305,1
Machine_608,4854,1
Machine_609,1888,1
Machine_610,1994,1
Machine_611,59,0
Machine_612,2921,0
Machine_613,847,0
Machine_614,1065,1
Machine_615,1874,0
Machine_616,4519,0
Machine_617,3186,0
Machine_618,2243,1
Machine_619,273,1
Machine_620,4998,1
Machine_621,4208,0
Machine_622,3975,0
Machine_623,4834,1
Machine_624,4050,1
Machine_625,1683,1
Machine_626,2202,1
Machine_627,560,1
Machine_628,434,0
Machine_629,454,1
Machine_630,4663,1
Machine_631,4621,0
Machine_632,2050,0
Machine_633,2806,0
Machine_634,1718,1
Machine_635,1510,0
Machine_636,3686,0
Machine_637,2774,1
Machine_638,4859,0
Machine_639,4228,0
Machine_640,2098,1
Machine_641,4196,0
Machine_642,4830,0
Machine_643,766,0
Machine_644,4594,1
Machine_645,4633,0
Machine_646,1873,1
Machine_647,2131,1
Machine_648,3469,0
Machine_649,1624,0
Machine_650,299,1
Machine_651,723,0
Machine_652,4583,1
Machine_653,2215,0
Machine_654,820,0
Machine_655,4012,1
Machine_656,4413,1
Machine_657,2034,1
Machine_658,1127,0
Machine_659,285,0
Machine_660,438,0
Machine_661,3087,1
Machine_662,4908,1
Machine_663,1898,0
Machine_664,4769,1
Machine_665,2864,0
Machine_666,3424,0
Machine_667,3328,1
Machine_668,1302,0
Machine_669,4031,0
Machine_670,4723,1
Machine_671,2172,0
Machine_672,4580,1
Machine_673,2200,0
Machine_674,4909,1
Machine_675,1379,0
Machine_676,1408,1
Machine_677,2532,0
Machine_678,4592,0
Machine_679,2067,1
Machine_680,1381,1
Machine_681,4394,0
Machine_682,4311,0
Machine_683,1408,0
Machine_684,4687,1
Machine_685,4904,1
Machine_686,3227,0
Machine_687,2178,1
Machine_688,2230,0
Machine_689,4942,0
Machine_690,187,0
Machine_691,3522,0
Machine_692,2882,1
Machine_693,3629,1
Machine_694,3081,1
Machine_695,4214,1
Machine_696,2643,1
Machine_697,4350,1
Machine_698,3868,0
Machine_699,4188,1
Machine_700,3873,1
Machine_701,4092,0
Machine_702,1956,1
Machine_703,810,0
Machine_704,3495,1
Machine_705,949,0
Machine_706,4505,1
Machine_707,2997,0
Machine_708,1769,0
Machine_709,330,0
Machine_710,3316,0
Machine_711,1937,0
Machine_712,3316,0
Machine_713,716,0
Machine_714,4238,0
Machine_715,721,0
Machine_716,2019,1
Machine_717,4206,1
Machine_718,3172,1
Machine_719,4749,0
Machine_720,4827,0
Machine_721,3950,0
Machine_722,573,1
Machine_723,2443,1
Machine_724,3167,1
Machine_725,2643,1
Machine_726,2018,1
Machine_727,1803,0
Machine_728,2346,1
Machine_729,2311,1
Machine_730,2336,0
Machine_731,4252,1
Machine_732,2928,0
Machine_733,4193,1
Machine_734,3694,0
Machine_735,4482,1
Machine_736,2105,1
Machine_737,4770,1
Machine_738,1326,1
Machine_739,2816,1
Machine_740,352,0
Machine_741,688,0
Machine_742,105,1
Machine_743,4871,0
Machine_744,575,0
Machine_745,4619,1
Machine_746,4173,1
Machine_747,2175,1
Machine_748,3337,0
Machine_749,414,0
Machine_750,4671,1
Machine_751,1696,0
Machine_752,968,1
Machine_753,2847,1
Machine_754,1581,1
Machine_755,3395,1
Machine_756,1956,1
Machine_757,3136,1
Machine_758,4630,1
Machine_759,2125,1
Machine_760,763,1
Machine_761,1112,1
Machine_762,2026,0
Machine_763,1346,0
Machine_764,175,1
Machine_765,4682,1
Machine_766,3646,1
Machine_767,3333,1
Machine_768,1653,0
Machine_769,116,1
Machine_770,282,0
Machine_771,2206,0
Machine_772,1219,0
Machine_773,2208,0
Machine_774,4256,1
Machine_775,1543,0
Machine_776,4768,1
Machine_777,4057,0
Machine_778,2522,1
Machine_779,2710,0
Machine_780,2789,0
Machine_781,1811,1
Machine_782,3564,1
Machine_783,2025,0
Machine_784,2412,0
Machine_785,926,1
Machine_786,3862,0
Machine_787,3498,0
Machine_788,1362,1
Machine_789,1510,1
Machine_790,2759,1
Machine_791,2374,0
Machine_792,1783,1
Machine_793,1655,1
Machine_794,2613,1
Machine_795,3471,0
Machine_796,3567,1
Machine_797,2447,1
Machine_798,3785,1
Machine_799,2920,1
Machine_800,1210,1
Machine_801,4904,1
Machine_802,292,1
Machine_803,2640,0
Machine_804,1113,1
Machine_805,4374,1
Machine_806,2645,1
Machine_807,969,0
Machine_808,55,1
Machine_809,517,1
Machine_810,4220,1
Machine_811,53,1
Machine_812,695,0
Machine_813,167,1
Machine_814,2978,1
Machine_815,2601,0
Machine_816,4339,1
Machine_817,896,1
Machine_818,2812,0
Machine_819,1191,1
Machine_820,1860,0
Machine_821,773,0
Machine_822,274,0
Machine_823,4677,1
Machine_824,4258,1
Machine_825,4704,0
Machine_826,2098,1
Machine_827,4799,1
Machine_828,4465,1
Machine_829,1623,0
Machine_830,1878,1
Machine_831,1967,0
Machine_832,4284,0
Machine_833,2076,0
Machine_834,3794,0
Machine_835,951,1
Machine_836,4835,1
Machine_837,2089,1
Machine_838,59,0
Machine_839,310,1
Machine_840,1723,0
Machine_841,2269,1
Machine_842,2110,1
Machine_843,3763,0
Machine_844,1669,1
Machine_845,370,0
Machine_846,1392,0
Machine_847,2426,0
Machine_848,2882,1
Machine_849,2874,0
Machine_850,2044,0
Machine_851,3008,0
Machine_852,2088,1
Machine_853,3540,0
Machine_854,3727,1
Machine_855,1168,1
Machine_856,1654,1
Machine_857,4077,1
Machine_858,285,0
Machine_859,2019,1
Machine_860,4479,1
Machine_861,1958,0
Machine_862,425,0
Machine_863,3580,1
Machine_864,2685,1
Machine_865,1620,0
Machine_866,2610,1
Machine_867,3441,1
Machine_868,3015,0
Machine_869,3693,1
Machine_870,3900,0
Machine_871,922,0
Machine_872,1302,0
Machine_873,1364,0
Machine_874,4870,1
Machine_875,2948,1
Machine_876,127,1
Machine_877,2671,1
Machine_878,4277,0
Machine_879,650,1
Machine_880,1115,0
Machine_881,2186,0
Machine_882,2499,1
Machine_883,2393,0
Machine_884,1913,0
Machine_885,1368,1
Machine_886,4761,1
Machine_887,3647,0
Machine_888,3812,0
Machine_889,4720,1
Machine_890,2240,0
Machine_891,1042,0
Machine_892,2762,1
Machine_893,2242,0
Machine_894,1298,1
Machine_895,3104,1
Machine_896,4648,1
Machine_897,4083,0
Machine_898,2047,1
Machine_899,4966,1
Machine_900,3737,1
Machine_901,2201,1
Machine_902,4068,1
Machine_903,3160,1
Machine_904,2020,0
Machine_905,247,1
Machine_906,2676,1
Machine_907,1252,0
Machine_908,2085,0
Machine_909,527,0
Machine_910,1304,1
Machine_911,972,1
Machine_912,469,1
Machine_913,2254,0
Machine_914,2647,1
Machine_915,1170,0
Machine_916,3118,1
Machine_917,1000,0
Machine_918,2386,1
Machine_919,2293,0
Machine_920,2695,0
Machine_921,1907,0
Machine_922,4662,1
Machine_923,1915,0
Machine_924,2962,0
Machine_925,2903,0
Machine_926,4960,0
Machine_927,3278,1
Machine_928,3769,1
Machine_929,3278,0
Machine_930,2421,0
Machine_931,2941,0
Machine_932,3806,1
Machine_933,4275,1
Machine_934,144,0
Machine_935,2724,1
Machine_936,2005,1
Machine_937,843,0
Machine_938,1884,0
Machine_939,2166,0
Machine_940,4156,1
Machine_941,3375,0
Machine_942,2969,0
Machine_943,2647,0
Machine_944,3255,0
Machine_945,4857,1
Machine_946,864,1
Machine_947,395,0
Machine_948,2399,0
Machine_949,412,1
Machine_950,2493,0
Machine_951,2315,1
Machine_952,2238,0
Machine_953,3055,0
Machine_954,3331,0
Machine_955,1034,1
Machine_956,1689,1
Machine_957,877,1
Machine_958,2780,1
Machine_959,3581,1
Machine_960,4501,1
Machine_961,2985,0
Machine_962,3926,1
Machine_963,176,1
Machine_964,3227,1
Machine_965,3106,1
Machine_966,653,1
Machine_967,3499,1
Machine_968,4196,1
Machine_969,3583,1
Machine_970,3417,0
Machine_971,3418,0
Machine_972,3847,1
Machine_973,1842,0
Machine_974,2911,1
Machine_975,3526,0
Machine_976,3467,0
Machine_977,1695,0
Machine_978,1255,0
Machine_979,3080,1
Machine_980,2922,0
Machine_981,3122,0
Machine_982,1904,0
Machine_983,4071,1
Machine_984,4712,1
Machine_985,2758,0
Machine_986,3552,1
Machine_987,1382,1
Machine_988,251,1
Machine_989,3557,1
Machine_990,4262,1
Machine_991,624,0
Machine_992,586,1
Machine_993,1675,1
Machine_994,2172,1
Machine_995,435,0
Machine_996,3331,1
Machine_997,524,1
Machine_998,467,1
Machine_999,3650,1
Machine_1000,1004,1
